채널 ID,채널 URL,채널 제목
UC4HJ-Z-ddHOc3CMoiVnZXfQ,http://www.youtube.com/channel/UC4HJ-Z-ddHOc3CMoiVnZXfQ,조한범TV
UC5CyCSvCdoEP-VgQmFq3iww,http://www.youtube.com/channel/UC5CyCSvCdoEP-VgQmFq3iww,싱글파이어
UCBM86JVoHLqg9irpR2XKvGw,http://www.youtube.com/channel/UCBM86JVoHLqg9irpR2XKvGw,달란트투자
UCBzzEL9ojwKw2QKl4XQZwhg,http://www.youtube.com/channel/UCBzzEL9ojwKw2QKl4XQZwhg,경제삼촌
UCC3yfxS5qC6PCwDzetUuEWg,http://www.youtube.com/channel/UCC3yfxS5qC6PCwDzetUuEWg,소수몽키
UCHOPWa8g36QPHB00JmdZluw,http://www.youtube.com/channel/UCHOPWa8g36QPHB00JmdZluw,채널 제네시스박
UCHgGA3zVu3yPRT7arDRed8Q,http://www.youtube.com/channel/UCHgGA3zVu3yPRT7arDRed8Q,서정덕TV
UCIUni4ScRp4mqPXsxy62L5w,http://www.youtube.com/channel/UCIUni4ScRp4mqPXsxy62L5w,언더스탠딩 : 세상의 모든 지식
UCIysKfbBSjqJI5odKEU-ziA,http://www.youtube.com/channel/UCIysKfbBSjqJI5odKEU-ziA,Hello Jennie
UCKTMvIu9a4VGSrpWy-8bUrQ,http://www.youtube.com/channel/UCKTMvIu9a4VGSrpWy-8bUrQ,내일은 투자왕 - 김단테
UCL-F-8nxFtFZ4M3RWkGn6Qw,http://www.youtube.com/channel/UCL-F-8nxFtFZ4M3RWkGn6Qw,Daniel Pronk
UCMhDk2qIKoE7bVht4GeQ8Lg,http://www.youtube.com/channel/UCMhDk2qIKoE7bVht4GeQ8Lg,Travel For Phoebe
UCMrqtn61zY0AJRIT1V1KUkw,http://www.youtube.com/channel/UCMrqtn61zY0AJRIT1V1KUkw,잉글리스트
UCNGVGHU2Hl1tVKvpe23KAEw,http://www.youtube.com/channel/UCNGVGHU2Hl1tVKvpe23KAEw,한균수의 경제사용설명서
UCNadSkZg6pOYuw-WYu6v37g,http://www.youtube.com/channel/UCNadSkZg6pOYuw-WYu6v37g,NOVA Real Invest 은놀주 노바 미국주식 부동산
UCOB62fKRT7b73X7tRxMuN2g,http://www.youtube.com/channel/UCOB62fKRT7b73X7tRxMuN2g,박종훈의 지식한방
UCOUzm2Kw5nKAwyDd1ewjXwA,http://www.youtube.com/channel/UCOUzm2Kw5nKAwyDd1ewjXwA,우리 모두 튼튼
UCOio3vyYLWiKlHSYRKW-9UA,http://www.youtube.com/channel/UCOio3vyYLWiKlHSYRKW-9UA,설명왕_테이버
UCQW05vzztAlwV54WL3pjGBQ,http://www.youtube.com/channel/UCQW05vzztAlwV54WL3pjGBQ,IT의 신 이형수
UCQofPH4y1OWhN7FXyCAdz2Q,http://www.youtube.com/channel/UCQofPH4y1OWhN7FXyCAdz2Q,살리는 TV- 말로 생명을 회복시키는 채널 
UCR3tcM2ZKncmiNoGcoC--2A,http://www.youtube.com/channel/UCR3tcM2ZKncmiNoGcoC--2A,에스앤티투자자문 김석일 회장
UCRC-gM_8GMl92mUk1KHRvog,http://www.youtube.com/channel/UCRC-gM_8GMl92mUk1KHRvog,홍정욱 • Ryan Jungwook Hong
UCRCNBeNS8MrOwFV6h6Yjemw,http://www.youtube.com/channel/UCRCNBeNS8MrOwFV6h6Yjemw,시황맨TV
UCRPRCmoQrbQ2qef7HpHz6GA,http://www.youtube.com/channel/UCRPRCmoQrbQ2qef7HpHz6GA,황현필 한국사
UCSWPuzlD337Y6VBkyFPwT8g,http://www.youtube.com/channel/UCSWPuzlD337Y6VBkyFPwT8g,할 수 있다! 알고 투자
UCStOLjU_33aZxV3Sx8a7FvA,http://www.youtube.com/channel/UCStOLjU_33aZxV3Sx8a7FvA,배터리맨 일렉허니
UCT76W18BvOH2KRwD4ccC6LA,http://www.youtube.com/channel/UCT76W18BvOH2KRwD4ccC6LA,고딸영어
UCWw2YRY-nQFi6MrFVI30jkA,http://www.youtube.com/channel/UCWw2YRY-nQFi6MrFVI30jkA,이소영 국회의원
UCXAa--SBK79PILClGTD3CrA,http://www.youtube.com/channel/UCXAa--SBK79PILClGTD3CrA,Hangarom한가롬
UCXPeJufdBsud4FlMtPwoNfw,http://www.youtube.com/channel/UCXPeJufdBsud4FlMtPwoNfw,F킬라
UCXWOlSe2GHTev8QZhY_gMPg,http://www.youtube.com/channel/UCXWOlSe2GHTev8QZhY_gMPg,존리의 부자학교
UCXq7NNALDnqafn3KFvIyJKA,http://www.youtube.com/channel/UCXq7NNALDnqafn3KFvIyJKA,오늘의 테슬라 뉴스
UCXql5C57vS4ogUt6CPEWWHA,http://www.youtube.com/channel/UCXql5C57vS4ogUt6CPEWWHA,김지윤의 지식Play
UCXtMjo8xJqjEhS4A9KUY8GA,http://www.youtube.com/channel/UCXtMjo8xJqjEhS4A9KUY8GA,Learn English with Jessica
UCYVQ4DHBMhHFa3cDHC9YUrw,http://www.youtube.com/channel/UCYVQ4DHBMhHFa3cDHC9YUrw,인생스토리
UCZH5gqdGQs3IKoEOGAYuvdw,http://www.youtube.com/channel/UCZH5gqdGQs3IKoEOGAYuvdw,아하영어 AhaEn
UCZ_njPaFCKrZcMQV6VFK6sw,http://www.youtube.com/channel/UCZ_njPaFCKrZcMQV6VFK6sw,제이크 토익스피킹
UCZn-Gc4mzqSuc70BYo_W9kA,http://www.youtube.com/channel/UCZn-Gc4mzqSuc70BYo_W9kA,작심만일 : 성공 마인드 동반자
UCadSWH0pDXxEatvLHEHCWlg,http://www.youtube.com/channel/UCadSWH0pDXxEatvLHEHCWlg,한균수의 주식사용설명서
UCcNUpInQt1tI3JC_oTPQ20w,http://www.youtube.com/channel/UCcNUpInQt1tI3JC_oTPQ20w,요리왕비룡 Korean Food Cooking
UCcloDgiDqz8twby7zvG-USg,http://www.youtube.com/channel/UCcloDgiDqz8twby7zvG-USg,쇼킹부동산
UCd9vHT0mx8XyJisSOppZAvA,http://www.youtube.com/channel/UCd9vHT0mx8XyJisSOppZAvA,모아시스(MOASIS)
UCeN2YeJcBCRJoXgzF_OU3qw,http://www.youtube.com/channel/UCeN2YeJcBCRJoXgzF_OU3qw,안될공학 - IT 테크 신기술
UChI4dWXnYDjoSagFCAORYeA,http://www.youtube.com/channel/UChI4dWXnYDjoSagFCAORYeA,주머니
UCiIp3SArhmQjBsr_tt6Jq9A,http://www.youtube.com/channel/UCiIp3SArhmQjBsr_tt6Jq9A,김범곤의 연금수업
UCiYbaVEODktcsh09454Grow,http://www.youtube.com/channel/UCiYbaVEODktcsh09454Grow,손에잡히는경제
UCjoetO353L1Ms1wAHovWMgA,http://www.youtube.com/channel/UCjoetO353L1Ms1wAHovWMgA,헌터 주식
UCm2rxausfBPG6B20fYqYeJA,http://www.youtube.com/channel/UCm2rxausfBPG6B20fYqYeJA,Learn English with Kevin
UCmlMZI1paamuKHhRARcVMrw,http://www.youtube.com/channel/UCmlMZI1paamuKHhRARcVMrw,엔뷰
UCnvCYORRLMYMQNhrlBILdCg,http://www.youtube.com/channel/UCnvCYORRLMYMQNhrlBILdCg,엔지니어TV
UCoD_deL4B4R0DkdFVVZjcPw,http://www.youtube.com/channel/UCoD_deL4B4R0DkdFVVZjcPw,성투사의주식으로 부자되기
UCokUZClKh1ZK0TjJgxVK5-g,http://www.youtube.com/channel/UCokUZClKh1ZK0TjJgxVK5-g,주아쌤_소리튠영어
UCp8lZRI3NSCXxhn_a_WGVKQ,http://www.youtube.com/channel/UCp8lZRI3NSCXxhn_a_WGVKQ,표영호 tv  / 경제적 자유와 행복을 위하여
UCrNqKGPFS7S2D1G8Ne52icA,http://www.youtube.com/channel/UCrNqKGPFS7S2D1G8Ne52icA,주식제값찾기
UCsJ6RuBiTVWRX156FVbeaGg,http://www.youtube.com/channel/UCsJ6RuBiTVWRX156FVbeaGg,슈카월드
UCsjzJWuBnPyA8-tj9pEDwXg,http://www.youtube.com/channel/UCsjzJWuBnPyA8-tj9pEDwXg,오토기어 autogear - 자동차에 대한 모든 정보
UCx60821JEX9Aai1kRU-R8Xw,http://www.youtube.com/channel/UCx60821JEX9Aai1kRU-R8Xw,나는 사장님
UCxGeWUZwDIGt2PyBMbfzR7w,http://www.youtube.com/channel/UCxGeWUZwDIGt2PyBMbfzR7w,Jung Dong Ha - Topic
UCxvdCnvGODDyuvnELnLkQWw,http://www.youtube.com/channel/UCxvdCnvGODDyuvnELnLkQWw,이효석아카데미
UCyDr1ec_jGyjGFpdx4OOTmQ,http://www.youtube.com/channel/UCyDr1ec_jGyjGFpdx4OOTmQ,Easy Speak English
UCznImSIaxZR7fdLCICLdgaQ,http://www.youtube.com/channel/UCznImSIaxZR7fdLCICLdgaQ,전인구경제연구소





